"Model","MAE","MSE","RMSE","MAPE","R2","Cluster"
"Random Forest",571.668756107331,742327.589191476,861.584348274431,24.4273553847247,0.561998716996883,"2"
"SVM",633.265969762847,803255.94016122,896.245468697733,27.9212391166708,0.52604869131472,"2"
